INSERT [dbo].[authors] ([authid], [lname], [fname]) VALUES (100, 'Chomsky', 'Noam')
INSERT [dbo].[authors] ([authid], [lname], [fname]) VALUES (101, 'Barsamia', 'David')
INSERT [dbo].[authors] ([authid], [lname], [fname]) VALUES (102, 'Askenazy', 'Philippe')
INSERT [dbo].[authors] ([authid], [lname], [fname]) VALUES (103, 'Cohe', 'Daniel')
INSERT [dbo].[authors] ([authid], [lname], [fname]) VALUES (104, 'Cohelho', 'Paulo')
INSERT [dbo].[authors] ([authid], [lname], [fname]) VALUES (105, 'Ευσταθίου ', 'Ευαγγελία')
INSERT [dbo].[authors] ([authid], [lname], [fname]) VALUES (106, 'Κουκούνη ', 'Θάλεια')
INSERT [dbo].[authors] ([authid], [lname], [fname]) VALUES (107, 'Σπυρίδης', 'Παναγιώτης')
INSERT [dbo].[authors] ([authid], [lname], [fname]) VALUES (108, 'Μανανεδάκη ', 'Κατερίνα')
INSERT [dbo].[authors] ([authid], [lname], [fname]) VALUES (109, 'Τριβιζάς', 'Ευγένιος')
INSERT [dbo].[authors] ([authid], [lname], [fname]) VALUES (110, 'Μπλέρ', 'Λίντα')
INSERT [dbo].[authors] ([authid], [lname], [fname]) VALUES (111, 'Μπάουμ', 'Χάικε')
INSERT [dbo].[authors] ([authid], [lname], [fname]) VALUES (112, 'Καβάφης', 'Κωνσταντίνος')
INSERT [dbo].[authors] ([authid], [lname], [fname]) VALUES (113, 'Κάλβος ', 'Ανδρέας')
INSERT [dbo].[publishers] ([pubid], [publisher]) VALUES (10, 'Τόπος')
INSERT [dbo].[publishers] ([pubid], [publisher]) VALUES (11, 'Ελεύθερος Τύπος')
INSERT [dbo].[publishers] ([pubid], [publisher]) VALUES (12, 'Λιβάνη')
INSERT [dbo].[publishers] ([pubid], [publisher]) VALUES (13, 'Πόλις')
INSERT [dbo].[publishers] ([pubid], [publisher]) VALUES (14, 'Νέα Σύνορα')
INSERT [dbo].[publishers] ([pubid], [publisher]) VALUES (15, 'Γνώση')
INSERT [dbo].[publishers] ([pubid], [publisher]) VALUES (16, 'Κέδρος')
INSERT [dbo].[publishers] ([pubid], [publisher]) VALUES (17, 'Ψυχογιός')
INSERT [dbo].[publishers] ([pubid], [publisher]) VALUES (18, 'Θυμάρι')
INSERT [dbo].[publishers] ([pubid], [publisher]) VALUES (19, 'Γκιούρδας')
INSERT [dbo].[publishers] ([pubid], [publisher]) VALUES (20, 'Κλειδάριθμος')
INSERT [dbo].[books] ([bookid], [title], [isbn], [edition], [pyear], [place], [pubid]) VALUES (1, 'Ετος 501 : η κατάκτση συνεχίζεται', '960-8425-01-8', NULL, 1994, 'Αθήνα', 10)
INSERT [dbo].[books] ([bookid], [title], [isbn], [edition], [pyear], [place], [pubid]) VALUES (2, 'Η νέα τάξη πραγμάτων', NULL, NULL, 1999, 'Αθήνα', 11)
INSERT [dbo].[books] ([bookid], [title], [isbn], [edition], [pyear], [place], [pubid]) VALUES (3, 'Προπαγάνδα και κοινός νους', '960-14-0745-6', NULL, 2003, 'Αθήνα', 12)
INSERT [dbo].[books] ([bookid], [title], [isbn], [edition], [pyear], [place], [pubid]) VALUES (4, 'Η οικονομία σήμερα', '978-960-435-1', NULL, 2009, 'Αθήνα', 13)
INSERT [dbo].[books] ([bookid], [title], [isbn], [edition], [pyear], [place], [pubid]) VALUES (5, 'Οικονομική Κρίση', '978-960-435-9', NULL, 2010, 'Αθήνα', 13)
INSERT [dbo].[books] ([bookid], [title], [isbn], [edition], [pyear], [place], [pubid]) VALUES (6, 'Η ευημερία του κακού', '978-960-435-3', NULL, 2010, 'Αθήνα', 13)
INSERT [dbo].[books] ([bookid], [title], [isbn], [edition], [pyear], [place], [pubid]) VALUES (7, 'Ο νικητής είναι μόνος', '978-960-140-5', NULL, 2008, 'Αθήνα', 12)
INSERT [dbo].[books] ([bookid], [title], [isbn], [edition], [pyear], [place], [pubid]) VALUES (8, 'Ο διάβολος και η δεσποινίδα Πριμ', '960-140-441-4', NULL, 2001, 'Αθήνα', 14)
INSERT [dbo].[books] ([bookid], [title], [isbn], [edition], [pyear], [place], [pubid]) VALUES (9, 'Μπρίντα', '978-960-147-1', NULL, 2008, 'Αθήνα', 12)
INSERT [dbo].[books] ([bookid], [title], [isbn], [edition], [pyear], [place], [pubid]) VALUES (10, 'Ο αλχημιστής', '960-235-566-2', NULL, 1995, 'Αθήνα', 15)
INSERT [dbo].[books] ([bookid], [title], [isbn], [edition], [pyear], [place], [pubid]) VALUES (11, 'Το πέμπτο βουνό', '960-236-979-9', NULL, 1998, 'Αθήνα', 14)
INSERT [dbo].[books] ([bookid], [title], [isbn], [edition], [pyear], [place], [pubid]) VALUES (12, 'Οι δεσμώτες των σκιών ', '978-960-142-7', NULL, 2015, 'Αθήνα', 12)
INSERT [dbo].[books] ([bookid], [title], [isbn], [edition], [pyear], [place], [pubid]) VALUES (13, 'Προσωπικές στιγμές', '960-140-353-1', NULL, 2001, 'Αθήνα', 12)
INSERT [dbo].[books] ([bookid], [title], [isbn], [edition], [pyear], [place], [pubid]) VALUES (14, 'Δεν υπήρξα ποτέ', '978-960-142-6', NULL, 2014, 'Αθήνα', 12)
INSERT [dbo].[books] ([bookid], [title], [isbn], [edition], [pyear], [place], [pubid]) VALUES (15, 'Ποιος φοβάται τα μικρόβια', '978-960-142-1', NULL, 2014, 'Αθήνα', 12)
INSERT [dbo].[books] ([bookid], [title], [isbn], [edition], [pyear], [place], [pubid]) VALUES (16, 'Εχετε μήνυμα στο κινητό σας', '960-14-034-7', NULL, 2001, 'Αθήνα', 12)
INSERT [dbo].[books] ([bookid], [title], [isbn], [edition], [pyear], [place], [pubid]) VALUES (17, 'Τα χρωματιστά κοράκια', '960-046-019-2', NULL, 1992, 'Αθήνα', 16)
INSERT [dbo].[books] ([bookid], [title], [isbn], [edition], [pyear], [place], [pubid]) VALUES (18, 'Το παραπονεμένο Ελεφαντάκι', '960-046-019-2', NULL, 1992, 'Αθήνα', 16)
INSERT [dbo].[books] ([bookid], [title], [isbn], [edition], [pyear], [place], [pubid]) VALUES (19, 'Ευτυχισμένα παιδιά', '978-960-453-2', NULL, 2010, 'Αθήνα', 17)
INSERT [dbo].[books] ([bookid], [title], [isbn], [edition], [pyear], [place], [pubid]) VALUES (20, 'θ'' αφήσεις το φως αναμμένο;', '960-349=089-1', NULL, 2004, 'Αθήνα', 18)
INSERT [dbo].[book_author] ([bookid], [authid]) VALUES (1, 100)
INSERT [dbo].[book_author] ([bookid], [authid]) VALUES (2, 100)
INSERT [dbo].[book_author] ([bookid], [authid]) VALUES (3, 100)
INSERT [dbo].[book_author] ([bookid], [authid]) VALUES (3, 101)
INSERT [dbo].[book_author] ([bookid], [authid]) VALUES (4, 102)
INSERT [dbo].[book_author] ([bookid], [authid]) VALUES (4, 103)
INSERT [dbo].[book_author] ([bookid], [authid]) VALUES (5, 102)
INSERT [dbo].[book_author] ([bookid], [authid]) VALUES (5, 103)
INSERT [dbo].[book_author] ([bookid], [authid]) VALUES (6, 103)
INSERT [dbo].[book_author] ([bookid], [authid]) VALUES (7, 104)
INSERT [dbo].[book_author] ([bookid], [authid]) VALUES (8, 104)
INSERT [dbo].[book_author] ([bookid], [authid]) VALUES (9, 104)
INSERT [dbo].[book_author] ([bookid], [authid]) VALUES (10, 104)
INSERT [dbo].[book_author] ([bookid], [authid]) VALUES (11, 104)
INSERT [dbo].[book_author] ([bookid], [authid]) VALUES (12, 105)
INSERT [dbo].[book_author] ([bookid], [authid]) VALUES (13, 105)
INSERT [dbo].[book_author] ([bookid], [authid]) VALUES (14, 106)
INSERT [dbo].[book_author] ([bookid], [authid]) VALUES (15, 107)
INSERT [dbo].[book_author] ([bookid], [authid]) VALUES (15, 108)
INSERT [dbo].[book_author] ([bookid], [authid]) VALUES (16, 108)
INSERT [dbo].[book_author] ([bookid], [authid]) VALUES (17, 109)
INSERT [dbo].[book_author] ([bookid], [authid]) VALUES (18, 109)
INSERT [dbo].[book_author] ([bookid], [authid]) VALUES (19, 110)
INSERT [dbo].[book_author] ([bookid], [authid]) VALUES (20, 111)
INSERT [dbo].[subject_terms] ([stid], [sterm]) VALUES (1, 'Παγκόσμια Πολιτική')
INSERT [dbo].[subject_terms] ([stid], [sterm]) VALUES (2, 'Ανθρωπότητα')
INSERT [dbo].[subject_terms] ([stid], [sterm]) VALUES (3, 'Διεθνής Οικονομία')
INSERT [dbo].[subject_terms] ([stid], [sterm]) VALUES (4, 'Παγκοσμιοποίηση')
INSERT [dbo].[subject_terms] ([stid], [sterm]) VALUES (5, 'Οικονομικές Κρίσεις')
INSERT [dbo].[subject_terms] ([stid], [sterm]) VALUES (6, 'Ξένη Λογοτεχνία')
INSERT [dbo].[subject_terms] ([stid], [sterm]) VALUES (7, 'Ελληνική Λογοτεχνία')
INSERT [dbo].[subject_terms] ([stid], [sterm]) VALUES (8, 'Παιδικά Βιβλία')
INSERT [dbo].[subject_terms] ([stid], [sterm]) VALUES (9, 'Παιδική ψυχολογία')
INSERT [dbo].[subject_terms] ([stid], [sterm]) VALUES (10, 'Φιλοσοφία')
INSERT [dbo].[subject_terms] ([stid], [sterm]) VALUES (11, 'Πληροφορική')
INSERT [dbo].[book_st] ([bookid], [stid]) VALUES (1, 1)
INSERT [dbo].[book_st] ([bookid], [stid]) VALUES (1, 2)
INSERT [dbo].[book_st] ([bookid], [stid]) VALUES (2, 1)
INSERT [dbo].[book_st] ([bookid], [stid]) VALUES (2, 2)
INSERT [dbo].[book_st] ([bookid], [stid]) VALUES (3, 1)
INSERT [dbo].[book_st] ([bookid], [stid]) VALUES (3, 3)
INSERT [dbo].[book_st] ([bookid], [stid]) VALUES (4, 3)
INSERT [dbo].[book_st] ([bookid], [stid]) VALUES (4, 4)
INSERT [dbo].[book_st] ([bookid], [stid]) VALUES (5, 3)
INSERT [dbo].[book_st] ([bookid], [stid]) VALUES (5, 5)
INSERT [dbo].[book_st] ([bookid], [stid]) VALUES (6, 4)
INSERT [dbo].[book_st] ([bookid], [stid]) VALUES (7, 6)
INSERT [dbo].[book_st] ([bookid], [stid]) VALUES (8, 6)
INSERT [dbo].[book_st] ([bookid], [stid]) VALUES (9, 6)
INSERT [dbo].[book_st] ([bookid], [stid]) VALUES (10, 6)
INSERT [dbo].[book_st] ([bookid], [stid]) VALUES (11, 6)
INSERT [dbo].[book_st] ([bookid], [stid]) VALUES (12, 7)
INSERT [dbo].[book_st] ([bookid], [stid]) VALUES (13, 7)
INSERT [dbo].[book_st] ([bookid], [stid]) VALUES (14, 7)
INSERT [dbo].[book_st] ([bookid], [stid]) VALUES (15, 8)
INSERT [dbo].[book_st] ([bookid], [stid]) VALUES (16, 7)
INSERT [dbo].[book_st] ([bookid], [stid]) VALUES (17, 8)
INSERT [dbo].[book_st] ([bookid], [stid]) VALUES (18, 8)
INSERT [dbo].[book_st] ([bookid], [stid]) VALUES (19, 9)
INSERT [dbo].[book_st] ([bookid], [stid]) VALUES (20, 8)
INSERT [dbo].[book_st] ([bookid], [stid]) VALUES (20, 9)
INSERT [dbo].[copies] ([barcode], [bookid], [bid], [location], [cstatus], [price], [loan_date], [return_date]) VALUES (111, 1, 0, 'KB', 'ΔΙΑΘΕΣΙΜΟ', CAST(20.00 AS Numeric(5, 2)), NULL, NULL)
INSERT [dbo].[copies] ([barcode], [bookid], [bid], [location], [cstatus], [price], [loan_date], [return_date]) VALUES (112, 1, 100, 'KB', 'ΔΑΝΕΙΣΜΕΝΟ', CAST(20.00 AS Numeric(5, 2)), CAST(0x623B0B00 AS Date), CAST(0x6A3B0B00 AS Date))
INSERT [dbo].[copies] ([barcode], [bookid], [bid], [location], [cstatus], [price], [loan_date], [return_date]) VALUES (113, 1, 101, 'Π1', 'ΔΑΝΕΙΣΜΕΝΟ', CAST(20.00 AS Numeric(5, 2)), CAST(0x623B0B00 AS Date), CAST(0x733B0B00 AS Date))
INSERT [dbo].[copies] ([barcode], [bookid], [bid], [location], [cstatus], [price], [loan_date], [return_date]) VALUES (221, 2, 0, 'ΚΒ', 'ΔΙΑΘΕΣΙΜΟ', CAST(25.00 AS Numeric(5, 2)), NULL, NULL)
INSERT [dbo].[copies] ([barcode], [bookid], [bid], [location], [cstatus], [price], [loan_date], [return_date]) VALUES (222, 2, 0, 'ΚΒ', 'ΔΙΑΘΕΣΙΜΟ', CAST(25.00 AS Numeric(5, 2)), NULL, NULL)
INSERT [dbo].[copies] ([barcode], [bookid], [bid], [location], [cstatus], [price], [loan_date], [return_date]) VALUES (331, 3, 101, 'Π1', 'ΔΑΝΕΙΣΜΕΝΟ', CAST(30.00 AS Numeric(5, 2)), CAST(0x623B0B00 AS Date), CAST(0x6A3B0B00 AS Date))
INSERT [dbo].[copies] ([barcode], [bookid], [bid], [location], [cstatus], [price], [loan_date], [return_date]) VALUES (332, 3, 0, 'Π2', 'ΔΙΑΘΕΣΙΜΟ', CAST(30.00 AS Numeric(5, 2)), NULL, NULL)
INSERT [dbo].[copies] ([barcode], [bookid], [bid], [location], [cstatus], [price], [loan_date], [return_date]) VALUES (333, 3, 102, 'ΚΒ', 'ΔΑΝΕΙΣΜΕΝΟ', CAST(30.00 AS Numeric(5, 2)), CAST(0x623B0B00 AS Date), CAST(0x6A3B0B00 AS Date))
INSERT [dbo].[copies] ([barcode], [bookid], [bid], [location], [cstatus], [price], [loan_date], [return_date]) VALUES (334, 3, 0, 'ΚΒ', 'ΔΙΑΘΕΣΙΜΟ', CAST(30.00 AS Numeric(5, 2)), NULL, NULL)
INSERT [dbo].[copies] ([barcode], [bookid], [bid], [location], [cstatus], [price], [loan_date], [return_date]) VALUES (411, 4, 0, 'ΚΒ', 'ΔΙΑΘΕΣΙΜΟ', CAST(40.00 AS Numeric(5, 2)), NULL, NULL)
INSERT [dbo].[copies] ([barcode], [bookid], [bid], [location], [cstatus], [price], [loan_date], [return_date]) VALUES (412, 4, 0, 'ΚΒ', 'ΔΙΑΘΕΣΙΜΟ', CAST(40.00 AS Numeric(5, 2)), NULL, NULL)
INSERT [dbo].[copies] ([barcode], [bookid], [bid], [location], [cstatus], [price], [loan_date], [return_date]) VALUES (413, 4, 0, 'ΚΒ', 'ΔΙΑΘΕΣΙΜΟ', CAST(40.00 AS Numeric(5, 2)), NULL, NULL)
INSERT [dbo].[copies] ([barcode], [bookid], [bid], [location], [cstatus], [price], [loan_date], [return_date]) VALUES (414, 4, 0, 'ΚΒ', 'ΔΙΑΘΕΣΙΜΟ', CAST(40.00 AS Numeric(5, 2)), NULL, NULL)
INSERT [dbo].[copies] ([barcode], [bookid], [bid], [location], [cstatus], [price], [loan_date], [return_date]) VALUES (415, 4, 0, 'ΚΒ', 'ΔΙΑΘΕΣΙΜΟ', CAST(40.00 AS Numeric(5, 2)), NULL, NULL)
INSERT [dbo].[copies] ([barcode], [bookid], [bid], [location], [cstatus], [price], [loan_date], [return_date]) VALUES (416, 4, 0, 'ΚΒ', 'ΔΙΑΘΕΣΙΜΟ', CAST(40.00 AS Numeric(5, 2)), NULL, NULL)
INSERT [dbo].[copies] ([barcode], [bookid], [bid], [location], [cstatus], [price], [loan_date], [return_date]) VALUES (511, 5, 0, 'Π1', 'ΔΙΑΘΕΣΙΜΟ', CAST(35.00 AS Numeric(5, 2)), NULL, NULL)
INSERT [dbo].[copies] ([barcode], [bookid], [bid], [location], [cstatus], [price], [loan_date], [return_date]) VALUES (512, 5, 0, 'Π2', 'ΔΙΑΘΕΣΙΜΟ', CAST(35.00 AS Numeric(5, 2)), NULL, NULL)
INSERT [dbo].[copies] ([barcode], [bookid], [bid], [location], [cstatus], [price], [loan_date], [return_date]) VALUES (611, 6, 103, 'ΚΒ', 'ΔΑΝΕΙΣΜΕΝΟ', CAST(20.00 AS Numeric(5, 2)), CAST(0x673B0B00 AS Date), CAST(0x813B0B00 AS Date))
INSERT [dbo].[copies] ([barcode], [bookid], [bid], [location], [cstatus], [price], [loan_date], [return_date]) VALUES (612, 6, 0, 'Π2', 'ΔΙΑΘΕΣΙΜΟ', CAST(20.00 AS Numeric(5, 2)), NULL, NULL)
INSERT [dbo].[copies] ([barcode], [bookid], [bid], [location], [cstatus], [price], [loan_date], [return_date]) VALUES (614, 6, 0, 'Π2', 'ΔΙΑΘΕΣΙΜΟ', CAST(20.00 AS Numeric(5, 2)), NULL, NULL)
INSERT [dbo].[copies] ([barcode], [bookid], [bid], [location], [cstatus], [price], [loan_date], [return_date]) VALUES (701, 7, 0, 'ΚΒ', 'ΔΙΑΘΕΣΙΜΟ', CAST(15.00 AS Numeric(5, 2)), NULL, NULL)
INSERT [dbo].[copies] ([barcode], [bookid], [bid], [location], [cstatus], [price], [loan_date], [return_date]) VALUES (702, 7, 103, 'ΚΒ', 'ΔΑΝΕΙΣΜΕΝΟ', CAST(15.00 AS Numeric(5, 2)), CAST(0x673B0B00 AS Date), CAST(0x813B0B00 AS Date))
INSERT [dbo].[copies] ([barcode], [bookid], [bid], [location], [cstatus], [price], [loan_date], [return_date]) VALUES (703, 7, 0, 'ΚΒ', 'ΔΙΑΘΕΣΙΜΟ', CAST(15.00 AS Numeric(5, 2)), NULL, NULL)
INSERT [dbo].[copies] ([barcode], [bookid], [bid], [location], [cstatus], [price], [loan_date], [return_date]) VALUES (704, 7, 0, 'Π1', 'ΔΙΑΘΕΣΙΜΟ', CAST(15.00 AS Numeric(5, 2)), NULL, NULL)
INSERT [dbo].[copies] ([barcode], [bookid], [bid], [location], [cstatus], [price], [loan_date], [return_date]) VALUES (705, 7, 0, 'Π1', 'ΔΙΑΘΕΣΙΜΟ', CAST(15.00 AS Numeric(5, 2)), NULL, NULL)
INSERT [dbo].[copies] ([barcode], [bookid], [bid], [location], [cstatus], [price], [loan_date], [return_date]) VALUES (706, 7, 104, 'Π1', 'ΔΑΝΕΙΣΜΕΝΟ', CAST(15.00 AS Numeric(5, 2)), CAST(0x673B0B00 AS Date), CAST(0x813B0B00 AS Date))
INSERT [dbo].[copies] ([barcode], [bookid], [bid], [location], [cstatus], [price], [loan_date], [return_date]) VALUES (707, 7, 0, 'Π2', 'ΔΙΑΘΕΣΙΜΟ', CAST(15.00 AS Numeric(5, 2)), NULL, NULL)
INSERT [dbo].[copies] ([barcode], [bookid], [bid], [location], [cstatus], [price], [loan_date], [return_date]) VALUES (708, 7, 0, 'Π2', 'ΔΙΑΘΕΣΙΜΟ', CAST(15.00 AS Numeric(5, 2)), NULL, NULL)
INSERT [dbo].[copies] ([barcode], [bookid], [bid], [location], [cstatus], [price], [loan_date], [return_date]) VALUES (801, 8, 0, 'ΚΒ', 'ΔΙΑΘΕΣΙΜΟ', CAST(10.00 AS Numeric(5, 2)), NULL, NULL)
INSERT [dbo].[copies] ([barcode], [bookid], [bid], [location], [cstatus], [price], [loan_date], [return_date]) VALUES (901, 9, 0, 'Π2', 'ΔΙΑΘΕΣΙΜΟ', CAST(10.00 AS Numeric(5, 2)), NULL, NULL)
INSERT [dbo].[copies] ([barcode], [bookid], [bid], [location], [cstatus], [price], [loan_date], [return_date]) VALUES (902, 9, 101, 'Π2', 'ΔΑΝΕΙΣΜΕΝΟ', CAST(10.00 AS Numeric(5, 2)), CAST(0x683B0B00 AS Date), CAST(0x773B0B00 AS Date))
INSERT [dbo].[copies] ([barcode], [bookid], [bid], [location], [cstatus], [price], [loan_date], [return_date]) VALUES (903, 9, 0, 'Π2', 'ΔΙΑΘΕΣΙΜΟ', CAST(10.00 AS Numeric(5, 2)), NULL, NULL)
INSERT [dbo].[copies] ([barcode], [bookid], [bid], [location], [cstatus], [price], [loan_date], [return_date]) VALUES (1001, 10, 0, 'ΚΒ', 'ΔΙΑΘΕΣΙΜΟ', CAST(10.00 AS Numeric(5, 2)), NULL, NULL)
INSERT [dbo].[copies] ([barcode], [bookid], [bid], [location], [cstatus], [price], [loan_date], [return_date]) VALUES (1002, 10, 0, 'Π1', 'ΔΙΑΘΕΣΙΜΟ', CAST(10.00 AS Numeric(5, 2)), NULL, NULL)
INSERT [dbo].[copies] ([barcode], [bookid], [bid], [location], [cstatus], [price], [loan_date], [return_date]) VALUES (1003, 10, 0, 'Π2', 'ΔΙΑΘΕΣΙΜΟ', CAST(10.00 AS Numeric(5, 2)), NULL, NULL)
INSERT [dbo].[copies] ([barcode], [bookid], [bid], [location], [cstatus], [price], [loan_date], [return_date]) VALUES (1004, 10, 0, 'ΚΒ', 'ΔΙΑΘΕΣΙΜΟ', CAST(10.00 AS Numeric(5, 2)), NULL, NULL)
INSERT [dbo].[copies] ([barcode], [bookid], [bid], [location], [cstatus], [price], [loan_date], [return_date]) VALUES (1005, 10, 0, 'ΚΒ', 'ΔΙΑΘΕΣΙΜΟ', CAST(10.00 AS Numeric(5, 2)), NULL, NULL)
INSERT [dbo].[copies] ([barcode], [bookid], [bid], [location], [cstatus], [price], [loan_date], [return_date]) VALUES (1101, 11, 0, 'ΚΒ', 'ΔΙΑΘΕΣΙΜΟ', CAST(15.00 AS Numeric(5, 2)), NULL, NULL)
INSERT [dbo].[copies] ([barcode], [bookid], [bid], [location], [cstatus], [price], [loan_date], [return_date]) VALUES (1102, 11, 103, 'ΚΒ', 'ΔΑΝΕΙΣΜΕΝΟ', CAST(15.00 AS Numeric(5, 2)), NULL, NULL)
INSERT [dbo].[copies] ([barcode], [bookid], [bid], [location], [cstatus], [price], [loan_date], [return_date]) VALUES (1103, 11, 104, 'ΚΒ', 'ΔΑΝΕΙΣΜΕΝΟ', CAST(15.00 AS Numeric(5, 2)), CAST(0x683B0B00 AS Date), CAST(0x773B0B00 AS Date))
INSERT [dbo].[copies] ([barcode], [bookid], [bid], [location], [cstatus], [price], [loan_date], [return_date]) VALUES (1104, 11, 0, 'ΚΒ', 'ΔΙΑΘΕΣΙΜΟ', CAST(15.00 AS Numeric(5, 2)), NULL, NULL)
INSERT [dbo].[copies] ([barcode], [bookid], [bid], [location], [cstatus], [price], [loan_date], [return_date]) VALUES (1105, 11, 0, 'Π1', 'ΔΙΑΘΕΣΙΜΟ', CAST(15.00 AS Numeric(5, 2)), NULL, NULL)
INSERT [dbo].[copies] ([barcode], [bookid], [bid], [location], [cstatus], [price], [loan_date], [return_date]) VALUES (1106, 11, 0, 'Π1', 'ΔΙΑΘΕΣΙΜΟ', CAST(15.00 AS Numeric(5, 2)), NULL, NULL)
INSERT [dbo].[copies] ([barcode], [bookid], [bid], [location], [cstatus], [price], [loan_date], [return_date]) VALUES (1107, 11, 0, 'Π1', 'ΔΙΑΘΕΣΙΜΟ', CAST(15.00 AS Numeric(5, 2)), NULL, NULL)
INSERT [dbo].[copies] ([barcode], [bookid], [bid], [location], [cstatus], [price], [loan_date], [return_date]) VALUES (1108, 11, 0, 'Π1', 'ΔΙΑΘΕΣΙΜΟ', CAST(15.00 AS Numeric(5, 2)), NULL, NULL)
INSERT [dbo].[copies] ([barcode], [bookid], [bid], [location], [cstatus], [price], [loan_date], [return_date]) VALUES (1109, 11, 0, 'Π1', 'ΔΙΑΘΕΣΙΜΟ', CAST(15.00 AS Numeric(5, 2)), NULL, NULL)
INSERT [dbo].[copies] ([barcode], [bookid], [bid], [location], [cstatus], [price], [loan_date], [return_date]) VALUES (1110, 11, 0, 'Π1', 'ΔΙΑΘΕΣΙΜΟ', CAST(15.00 AS Numeric(5, 2)), NULL, NULL)
INSERT [dbo].[copies] ([barcode], [bookid], [bid], [location], [cstatus], [price], [loan_date], [return_date]) VALUES (1200, 12, 0, 'Π2', 'ΔΙΑΘΕΣΙΜΟ', CAST(35.00 AS Numeric(5, 2)), NULL, NULL)
INSERT [dbo].[copies] ([barcode], [bookid], [bid], [location], [cstatus], [price], [loan_date], [return_date]) VALUES (1201, 12, 0, 'Π2', 'ΔΙΑΘΕΣΙΜΟ', CAST(35.00 AS Numeric(5, 2)), NULL, NULL)
INSERT [dbo].[copies] ([barcode], [bookid], [bid], [location], [cstatus], [price], [loan_date], [return_date]) VALUES (1300, 13, 101, 'Π1', 'ΔΑΝΕΙΣΜΕΝΟ', CAST(25.00 AS Numeric(5, 2)), CAST(0xF7390B00 AS Date), CAST(0x753B0B00 AS Date))
INSERT [dbo].[copies] ([barcode], [bookid], [bid], [location], [cstatus], [price], [loan_date], [return_date]) VALUES (1301, 13, 102, 'Π1', 'ΔΑΝΕΙΣΜΕΝΟ', CAST(25.00 AS Numeric(5, 2)), CAST(0xF7390B00 AS Date), CAST(0x753B0B00 AS Date))
INSERT [dbo].[copies] ([barcode], [bookid], [bid], [location], [cstatus], [price], [loan_date], [return_date]) VALUES (1302, 13, 105, 'Π1', 'ΔΑΝΕΙΣΜΕΝΟ', CAST(25.00 AS Numeric(5, 2)), CAST(0xF7390B00 AS Date), CAST(0x753B0B00 AS Date))
INSERT [dbo].[copies] ([barcode], [bookid], [bid], [location], [cstatus], [price], [loan_date], [return_date]) VALUES (1303, 13, 106, 'Π1', 'ΔΑΝΕΙΣΜΕΝΟ', CAST(25.00 AS Numeric(5, 2)), CAST(0xF7390B00 AS Date), CAST(0x753B0B00 AS Date))
INSERT [dbo].[copies] ([barcode], [bookid], [bid], [location], [cstatus], [price], [loan_date], [return_date]) VALUES (1400, 14, 0, 'ΚΒ', 'ΔΙΑΘΕΣΙΜΟ', CAST(50.00 AS Numeric(5, 2)), NULL, NULL)
INSERT [dbo].[copies] ([barcode], [bookid], [bid], [location], [cstatus], [price], [loan_date], [return_date]) VALUES (1500, 15, 0, 'ΚΒ', 'ΔΙΑΘΕΣΙΜΟ', CAST(10.00 AS Numeric(5, 2)), NULL, NULL)
INSERT [dbo].[copies] ([barcode], [bookid], [bid], [location], [cstatus], [price], [loan_date], [return_date]) VALUES (1501, 15, 0, 'ΚΒ', 'ΔΙΑΘΕΣΙΜΟ', CAST(10.00 AS Numeric(5, 2)), NULL, NULL)
INSERT [dbo].[copies] ([barcode], [bookid], [bid], [location], [cstatus], [price], [loan_date], [return_date]) VALUES (1502, 15, 0, 'ΚΒ', 'ΔΙΑΘΕΣΙΜΟ', CAST(10.00 AS Numeric(5, 2)), NULL, NULL)
INSERT [dbo].[copies] ([barcode], [bookid], [bid], [location], [cstatus], [price], [loan_date], [return_date]) VALUES (1503, 15, 0, 'ΚΒ', 'ΔΙΑΘΕΣΙΜΟ', CAST(10.00 AS Numeric(5, 2)), NULL, NULL)
INSERT [dbo].[copies] ([barcode], [bookid], [bid], [location], [cstatus], [price], [loan_date], [return_date]) VALUES (1504, 15, 0, 'ΚΒ', 'ΔΙΑΘΕΣΙΜΟ', CAST(10.00 AS Numeric(5, 2)), NULL, NULL)
INSERT [dbo].[copies] ([barcode], [bookid], [bid], [location], [cstatus], [price], [loan_date], [return_date]) VALUES (1505, 15, 0, 'ΚΒ', 'ΔΙΑΘΕΣΙΜΟ', CAST(10.00 AS Numeric(5, 2)), NULL, NULL)
INSERT [dbo].[copies] ([barcode], [bookid], [bid], [location], [cstatus], [price], [loan_date], [return_date]) VALUES (1600, 16, 0, 'ΚΒ', 'ΔΙΑΘΕΣΙΜΟ', CAST(15.00 AS Numeric(5, 2)), NULL, NULL)
INSERT [dbo].[copies] ([barcode], [bookid], [bid], [location], [cstatus], [price], [loan_date], [return_date]) VALUES (1601, 16, 0, 'Π2', 'ΔΙΑΘΕΣΙΜΟ', CAST(15.00 AS Numeric(5, 2)), NULL, NULL)
INSERT [dbo].[copies] ([barcode], [bookid], [bid], [location], [cstatus], [price], [loan_date], [return_date]) VALUES (1700, 17, 0, 'ΚΒ', 'ΔΙΑΘΕΣΙΜΟ', CAST(20.00 AS Numeric(5, 2)), NULL, NULL)
INSERT [dbo].[copies] ([barcode], [bookid], [bid], [location], [cstatus], [price], [loan_date], [return_date]) VALUES (1800, 18, 0, 'Π1', 'ΔΙΑΘΕΣΙΜΟ', CAST(10.00 AS Numeric(5, 2)), NULL, NULL)
INSERT [dbo].[copies] ([barcode], [bookid], [bid], [location], [cstatus], [price], [loan_date], [return_date]) VALUES (1801, 18, 0, 'Π1', 'ΔΙΑΘΕΣΙΜΟ', CAST(10.00 AS Numeric(5, 2)), NULL, NULL)
INSERT [dbo].[copies] ([barcode], [bookid], [bid], [location], [cstatus], [price], [loan_date], [return_date]) VALUES (1900, 19, 0, 'Π2', 'ΔΙΑΘΕΣΙΜΟ', CAST(15.00 AS Numeric(5, 2)), NULL, NULL)
INSERT [dbo].[copies] ([barcode], [bookid], [bid], [location], [cstatus], [price], [loan_date], [return_date]) VALUES (1901, 19, 0, 'Π2', 'ΔΙΑΘΕΣΙΜΟ', CAST(15.00 AS Numeric(5, 2)), NULL, NULL)
INSERT [dbo].[copies] ([barcode], [bookid], [bid], [location], [cstatus], [price], [loan_date], [return_date]) VALUES (1902, 19, 0, 'Π1', 'ΔΙΑΘΕΣΙΜΟ', CAST(15.00 AS Numeric(5, 2)), NULL, NULL)
INSERT [dbo].[copies] ([barcode], [bookid], [bid], [location], [cstatus], [price], [loan_date], [return_date]) VALUES (2000, 20, 106, 'ΚΒ', 'ΔΑΝΕΙΣΜΕΝΟ', CAST(20.00 AS Numeric(5, 2)), CAST(0xF6390B00 AS Date), CAST(0x733B0B00 AS Date))
INSERT [dbo].[copies] ([barcode], [bookid], [bid], [location], [cstatus], [price], [loan_date], [return_date]) VALUES (2001, 20, 0, 'ΚΒ', 'ΔΙΑΘΕΣΙΜΟ', CAST(20.00 AS Numeric(5, 2)), NULL, NULL)
INSERT [dbo].[copies] ([barcode], [bookid], [bid], [location], [cstatus], [price], [loan_date], [return_date]) VALUES (2002, 20, 106, 'ΚΒ', 'ΔΑΝΕΙΣΜΕΝΟ', CAST(20.00 AS Numeric(5, 2)), CAST(0xF6390B00 AS Date), CAST(0x733B0B00 AS Date))
INSERT [dbo].[copies] ([barcode], [bookid], [bid], [location], [cstatus], [price], [loan_date], [return_date]) VALUES (2003, 20, 0, 'ΚΒ', 'ΔΙΑΘΕΣΙΜΟ', CAST(20.00 AS Numeric(5, 2)), NULL, NULL)
INSERT [dbo].[borrowers] ([bid], [fname], [lname], [sex], [profession]) VALUES (100, 'Ιωάννης', 'Ιωάννου', 'Α', 'Δικηγόρος')
INSERT [dbo].[borrowers] ([bid], [fname], [lname], [sex], [profession]) VALUES (101, 'Γεώργιος', 'Γεωργίου', 'Α', 'Μηχανικός')
INSERT [dbo].[borrowers] ([bid], [fname], [lname], [sex], [profession]) VALUES (102, 'Ιωάννα', 'Στεργίου', 'Γ', 'Ιατρός')
INSERT [dbo].[borrowers] ([bid], [fname], [lname], [sex], [profession]) VALUES (103, 'Δημήτρης', 'Δημητρίου', 'Α', 'Ιατρός')
INSERT [dbo].[borrowers] ([bid], [fname], [lname], [sex], [profession]) VALUES (104, 'Μανώλης', 'Αντωνίου', 'Α', 'Υπάλληλος')
INSERT [dbo].[borrowers] ([bid], [fname], [lname], [sex], [profession]) VALUES (105, 'Ελένη', 'Καλύβα', 'Γ', 'Δικηγόρος')
INSERT [dbo].[borrowers] ([bid], [fname], [lname], [sex], [profession]) VALUES (106, 'Αδαμαντία', 'Κυργοτάση', 'Γ', 'Εκπαιδευτικός')
INSERT [dbo].[borrowers] ([bid], [fname], [lname], [sex], [profession]) VALUES (107, 'Νικόλας', 'Κουτελίδας', 'Α', 'Εκπαιδευτικός')
INSERT [dbo].[borrowers] ([bid], [fname], [lname], [sex], [profession]) VALUES (108, 'Γεωργία', 'Μανώλη', 'Γ', 'Αισθητικός')
